F_sky,Tdp_C,material,dJ_K,dlag_h,ddecrement
0.5,10.0,Lime-stabilised bamboo panel,-0.24853387221173762,-0.009393610109796668,-1.7509272683111088e-05
0.5,10.0,Clay-straw adobe,-0.3325441098549504,-0.012409142713048382,-2.3990578618460212e-05
0.5,10.0,Mud brick (unfired),-0.4554187788858144,-0.011025311255956183,-2.32886370200025e-05
0.5,10.0,Lime-mud composite,-0.47724221084286,-0.008839488506914961,-1.6510734218766476e-05
0.5,10.0,Fired clay brick,-0.4928681980456986,-0.011153104361628863,-2.475710786113694e-05
0.5,20.0,Lime-stabilised bamboo panel,-0.163674857961837,-0.004463897200819744,-1.858708386835023e-05
0.5,20.0,Clay-straw adobe,-0.21965949309480948,-0.007677214850744463,-2.944094483035148e-05
0.5,20.0,Mud brick (unfired),-0.3014606591449933,-0.00737824935904996,-3.6034611653051885e-05
0.5,20.0,Lime-mud composite,-0.3163704767120521,-0.006141563803385708,-3.3112675024662974e-05
0.5,20.0,Fired clay brick,-0.32621243894362806,-0.007465680156279575,-3.849224423607689e-05
1.0,10.0,Lime-stabilised bamboo panel,-0.49705960282091155,-0.019430763502530368,-3.6324546357418414e-05
1.0,10.0,Clay-straw adobe,-0.6650630800028239,-0.02536856641680174,-5.010673487290673e-05
1.0,10.0,Mud brick (unfired),-0.9107923337463717,-0.022371312692420986,-4.949313211670414e-05
1.0,10.0,Lime-mud composite,-0.9544339336378016,-0.017890429280514653,-3.651923637232324e-05
1.0,10.0,Fired clay brick,-0.9856876820110188,-0.022629252002804634,-5.26044656656427e-05
