scenario,material,J_nominal_C,J_mean_C,J_sd_K,J_p5_C,J_p95_C,P_rank1,P_rank2,P_rank3,P_rank4,P_rank5,P_best_among_H
"dry, corr(k,rho)=0.0",Lime-stabilised bamboo panel,36.39610095655706,36.22638053048207,0.38386676678625753,35.64417880429416,36.83193758555373,0.9194,0.07165,0.0087,0.00025,0.0,nan
"dry, corr(k,rho)=0.0",Clay-straw adobe,37.070529222749485,37.19271640905664,0.4575046850726843,36.483062741854866,37.91440665605737,0.0538,0.53835,0.2875,0.1029,0.01745,0.7542
"dry, corr(k,rho)=0.0",Mud brick (unfired),38.04776883007804,37.939744805761926,0.6598891486852121,36.91047671340405,38.968823414837324,0.00245,0.13525,0.27895,0.33825,0.2451,0.1813
"dry, corr(k,rho)=0.0",Lime-mud composite,38.35684177878397,37.83591684341283,0.798601612778441,36.57874652878952,39.06468102908565,0.02435,0.2125,0.2518,0.26825,0.2431,nan
"dry, corr(k,rho)=0.0",Fired clay brick,38.28594304573801,38.32519712154862,0.6645278972787755,37.27281335493751,39.342932513006936,0.0,0.04225,0.17305,0.29035,0.49435,0.0645
"dry, corr(k,rho)=0.6",Lime-stabilised bamboo panel,36.39610095655706,36.214853175625706,0.35813782960037593,35.65761174817485,36.75750000585049,0.9458,0.0502,0.00395,5e-05,0.0,nan
"dry, corr(k,rho)=0.6",Clay-straw adobe,37.070529222749485,37.182327960504956,0.4161457548198417,36.52678391418442,37.820010693617945,0.0374,0.5807,0.2837,0.0868,0.0114,0.78585
"dry, corr(k,rho)=0.6",Mud brick (unfired),38.04776883007804,37.92220924314342,0.5866270790552274,36.988626943658275,38.7955983469085,0.00015,0.1216,0.28995,0.35905,0.22925,0.1628
"dry, corr(k,rho)=0.6",Lime-mud composite,38.35684177878397,37.82017864328228,0.7496421835175632,36.62096823063002,38.936145385825824,0.01665,0.21405,0.25845,0.26985,0.241,nan
"dry, corr(k,rho)=0.6",Fired clay brick,38.28594304573801,38.31127303386248,0.6039999135036874,37.33728704266064,39.19522239005134,0.0,0.03345,0.16395,0.28425,0.51835,0.05135
"moist, corr(k,rho)=0.0",Lime-stabilised bamboo panel,36.39610095655706,36.74676889869743,0.5758408099949377,35.87652506876343,37.77444704541146,0.8137,0.1362,0.0385,0.01045,0.00115,nan
"moist, corr(k,rho)=0.0",Clay-straw adobe,37.070529222749485,37.692744723971316,0.5973037466845122,36.74525599152633,38.7294341382034,0.11165,0.45475,0.2717,0.1257,0.0362,0.69755
"moist, corr(k,rho)=0.0",Mud brick (unfired),38.04776883007804,38.4498283753825,0.7587185585002301,37.22697701787182,39.71184253167513,0.0199,0.1426,0.25695,0.31375,0.2668,0.2026
"moist, corr(k,rho)=0.0",Lime-mud composite,38.35684177878397,38.31868526233793,0.8632541413708358,36.910746237827475,39.699381758675166,0.0485,0.19685,0.24555,0.2587,0.2504,nan
"moist, corr(k,rho)=0.0",Fired clay brick,38.28594304573801,38.75215201161525,0.7276037444593146,37.5626885793975,39.913303911783814,0.00625,0.0696,0.1873,0.2914,0.44545,0.09985
