parameter,S1,S1_conf,ST,ST_conf
k_dry,0.016231584170210478,0.009850166912009666,0.0402955342197421,0.0031778939392212726
rho,0.005048632736199574,0.003863799470579055,0.007270142762180331,0.0006029908303137937
cp,0.00704632094491064,0.0037870955024314878,0.008923024840020926,0.000689740144244937
alpha_moist,2.7680136650572164e-05,0.001015168583671726,0.0005924192930799997,8.068785892049265e-05
L,0.032628285487758014,0.00935610031659749,0.049434448484650104,0.0037280878411450145
w0,0.00035698672016281225,0.0012037859080785483,0.0007901673524639992,8.892878883210432e-05
T_out_max,0.1271146209832753,0.016524555029223228,0.1413737559127689,0.007770984405225551
T_in,0.7482442408393011,0.0345188373199684,0.7577810017859244,0.028667547003368547
G_s_peak,0.02474731790276813,0.007252897691989235,0.032627000297854584,0.0022430419891009638
