Tout_C,Gs_Wm2,winner_all5,winner_H_only
25.0,200.0,Fired clay brick,Fired clay brick
25.0,236.8421052631579,Fired clay brick,Fired clay brick
25.0,273.6842105263158,Fired clay brick,Fired clay brick
25.0,310.5263157894737,Fired clay brick,Fired clay brick
25.0,347.36842105263156,Fired clay brick,Fired clay brick
25.0,384.2105263157895,Fired clay brick,Fired clay brick
25.0,421.0526315789474,Fired clay brick,Fired clay brick
25.0,457.89473684210526,Fired clay brick,Fired clay brick
25.0,494.7368421052632,Fired clay brick,Fired clay brick
25.0,531.578947368421,Fired clay brick,Fired clay brick
25.0,568.421052631579,Fired clay brick,Fired clay brick
25.0,605.2631578947369,Fired clay brick,Fired clay brick
25.0,642.1052631578948,Fired clay brick,Fired clay brick
25.0,678.9473684210527,Fired clay brick,Fired clay brick
25.0,715.7894736842105,Fired clay brick,Fired clay brick
25.0,752.6315789473684,Fired clay brick,Fired clay brick
25.0,789.4736842105264,Fired clay brick,Fired clay brick
25.0,826.3157894736843,Lime-stabilised bamboo panel,Fired clay brick
25.0,863.1578947368422,Lime-stabilised bamboo panel,Fired clay brick
25.0,900.0,Lime-stabilised bamboo panel,Fired clay brick
26.210526315789473,200.0,Fired clay brick,Fired clay brick
26.210526315789473,236.8421052631579,Fired clay brick,Fired clay brick
26.210526315789473,273.6842105263158,Fired clay brick,Fired clay brick
26.210526315789473,310.5263157894737,Fired clay brick,Fired clay brick
26.210526315789473,347.36842105263156,Fired clay brick,Fired clay brick
26.210526315789473,384.2105263157895,Fired clay brick,Fired clay brick
26.210526315789473,421.0526315789474,Fired clay brick,Fired clay brick
26.210526315789473,457.89473684210526,Fired clay brick,Fired clay brick
26.210526315789473,494.7368421052632,Fired clay brick,Fired clay brick
26.210526315789473,531.578947368421,Fired clay brick,Fired clay brick
26.210526315789473,568.421052631579,Fired clay brick,Fired clay brick
26.210526315789473,605.2631578947369,Fired clay brick,Fired clay brick
26.210526315789473,642.1052631578948,Fired clay brick,Fired clay brick
26.210526315789473,678.9473684210527,Fired clay brick,Fired clay brick
26.210526315789473,715.7894736842105,Fired clay brick,Fired clay brick
26.210526315789473,752.6315789473684,Lime-stabilised bamboo panel,Fired clay brick
26.210526315789473,789.4736842105264,Lime-stabilised bamboo panel,Fired clay brick
26.210526315789473,826.3157894736843,Lime-stabilised bamboo panel,Fired clay brick
26.210526315789473,863.1578947368422,Lime-stabilised bamboo panel,Fired clay brick
26.210526315789473,900.0,Lime-stabilised bamboo panel,Fired clay brick
27.42105263157895,200.0,Fired clay brick,Fired clay brick
27.42105263157895,236.8421052631579,Fired clay brick,Fired clay brick
27.42105263157895,273.6842105263158,Fired clay brick,Fired clay brick
27.42105263157895,310.5263157894737,Fired clay brick,Fired clay brick
27.42105263157895,347.36842105263156,Fired clay brick,Fired clay brick
27.42105263157895,384.2105263157895,Fired clay brick,Fired clay brick
27.42105263157895,421.0526315789474,Fired clay brick,Fired clay brick
27.42105263157895,457.89473684210526,Fired clay brick,Fired clay brick
27.42105263157895,494.7368421052632,Fired clay brick,Fired clay brick
27.42105263157895,531.578947368421,Fired clay brick,Fired clay brick
27.42105263157895,568.421052631579,Fired clay brick,Fired clay brick
27.42105263157895,605.2631578947369,Fired clay brick,Fired clay brick
27.42105263157895,642.1052631578948,Fired clay brick,Fired clay brick
27.42105263157895,678.9473684210527,Fired clay brick,Fired clay brick
27.42105263157895,715.7894736842105,Lime-stabilised bamboo panel,Fired clay brick
27.42105263157895,752.6315789473684,Lime-stabilised bamboo panel,Fired clay brick
27.42105263157895,789.4736842105264,Lime-stabilised bamboo panel,Fired clay brick
27.42105263157895,826.3157894736843,Lime-stabilised bamboo panel,Clay-straw adobe
27.42105263157895,863.1578947368422,Lime-stabilised bamboo panel,Clay-straw adobe
27.42105263157895,900.0,Lime-stabilised bamboo panel,Clay-straw adobe
28.63157894736842,200.0,Fired clay brick,Fired clay brick
28.63157894736842,236.8421052631579,Fired clay brick,Fired clay brick
28.63157894736842,273.6842105263158,Fired clay brick,Fired clay brick
28.63157894736842,310.5263157894737,Fired clay brick,Fired clay brick
28.63157894736842,347.36842105263156,Fired clay brick,Fired clay brick
28.63157894736842,384.2105263157895,Fired clay brick,Fired clay brick
28.63157894736842,421.0526315789474,Fired clay brick,Fired clay brick
28.63157894736842,457.89473684210526,Fired clay brick,Fired clay brick
28.63157894736842,494.7368421052632,Fired clay brick,Fired clay brick
28.63157894736842,531.578947368421,Fired clay brick,Fired clay brick
28.63157894736842,568.421052631579,Fired clay brick,Fired clay brick
28.63157894736842,605.2631578947369,Fired clay brick,Fired clay brick
28.63157894736842,642.1052631578948,Lime-stabilised bamboo panel,Fired clay brick
28.63157894736842,678.9473684210527,Lime-stabilised bamboo panel,Fired clay brick
28.63157894736842,715.7894736842105,Lime-stabilised bamboo panel,Clay-straw adobe
28.63157894736842,752.6315789473684,Lime-stabilised bamboo panel,Clay-straw adobe
28.63157894736842,789.4736842105264,Lime-stabilised bamboo panel,Clay-straw adobe
28.63157894736842,826.3157894736843,Lime-stabilised bamboo panel,Clay-straw adobe
28.63157894736842,863.1578947368422,Lime-stabilised bamboo panel,Clay-straw adobe
28.63157894736842,900.0,Lime-stabilised bamboo panel,Clay-straw adobe
29.842105263157894,200.0,Fired clay brick,Fired clay brick
29.842105263157894,236.8421052631579,Fired clay brick,Fired clay brick
29.842105263157894,273.6842105263158,Fired clay brick,Fired clay brick
29.842105263157894,310.5263157894737,Fired clay brick,Fired clay brick
29.842105263157894,347.36842105263156,Fired clay brick,Fired clay brick
29.842105263157894,384.2105263157895,Fired clay brick,Fired clay brick
29.842105263157894,421.0526315789474,Fired clay brick,Fired clay brick
29.842105263157894,457.89473684210526,Fired clay brick,Fired clay brick
29.842105263157894,494.7368421052632,Fired clay brick,Fired clay brick
29.842105263157894,531.578947368421,Fired clay brick,Fired clay brick
29.842105263157894,568.421052631579,Lime-stabilised bamboo panel,Fired clay brick
29.842105263157894,605.2631578947369,Lime-stabilised bamboo panel,Fired clay brick
29.842105263157894,642.1052631578948,Lime-stabilised bamboo panel,Clay-straw adobe
29.842105263157894,678.9473684210527,Lime-stabilised bamboo panel,Clay-straw adobe
29.842105263157894,715.7894736842105,Lime-stabilised bamboo panel,Clay-straw adobe
29.842105263157894,752.6315789473684,Lime-stabilised bamboo panel,Clay-straw adobe
29.842105263157894,789.4736842105264,Lime-stabilised bamboo panel,Clay-straw adobe
29.842105263157894,826.3157894736843,Lime-stabilised bamboo panel,Clay-straw adobe
29.842105263157894,863.1578947368422,Lime-stabilised bamboo panel,Clay-straw adobe
29.842105263157894,900.0,Lime-stabilised bamboo panel,Clay-straw adobe
31.05263157894737,200.0,Fired clay brick,Fired clay brick
31.05263157894737,236.8421052631579,Fired clay brick,Fired clay brick
31.05263157894737,273.6842105263158,Fired clay brick,Fired clay brick
31.05263157894737,310.5263157894737,Fired clay brick,Fired clay brick
31.05263157894737,347.36842105263156,Fired clay brick,Fired clay brick
31.05263157894737,384.2105263157895,Fired clay brick,Fired clay brick
31.05263157894737,421.0526315789474,Fired clay brick,Fired clay brick
31.05263157894737,457.89473684210526,Fired clay brick,Fired clay brick
31.05263157894737,494.7368421052632,Lime-stabilised bamboo panel,Fired clay brick
31.05263157894737,531.578947368421,Lime-stabilised bamboo panel,Clay-straw adobe
31.05263157894737,568.421052631579,Lime-stabilised bamboo panel,Clay-straw adobe
31.05263157894737,605.2631578947369,Lime-stabilised bamboo panel,Clay-straw adobe
31.05263157894737,642.1052631578948,Lime-stabilised bamboo panel,Clay-straw adobe
31.05263157894737,678.9473684210527,Lime-stabilised bamboo panel,Clay-straw adobe
31.05263157894737,715.7894736842105,Lime-stabilised bamboo panel,Clay-straw adobe
31.05263157894737,752.6315789473684,Lime-stabilised bamboo panel,Clay-straw adobe
31.05263157894737,789.4736842105264,Lime-stabilised bamboo panel,Clay-straw adobe
31.05263157894737,826.3157894736843,Lime-stabilised bamboo panel,Clay-straw adobe
31.05263157894737,863.1578947368422,Lime-stabilised bamboo panel,Clay-straw adobe
31.05263157894737,900.0,Lime-stabilised bamboo panel,Clay-straw adobe
32.26315789473684,200.0,Fired clay brick,Fired clay brick
32.26315789473684,236.8421052631579,Fired clay brick,Fired clay brick
32.26315789473684,273.6842105263158,Fired clay brick,Fired clay brick
32.26315789473684,310.5263157894737,Fired clay brick,Fired clay brick
32.26315789473684,347.36842105263156,Fired clay brick,Fired clay brick
32.26315789473684,384.2105263157895,Lime-stabilised bamboo panel,Fired clay brick
32.26315789473684,421.0526315789474,Lime-stabilised bamboo panel,Fired clay brick
32.26315789473684,457.89473684210526,Lime-stabilised bamboo panel,Clay-straw adobe
32.26315789473684,494.7368421052632,Lime-stabilised bamboo panel,Clay-straw adobe
32.26315789473684,531.578947368421,Lime-stabilised bamboo panel,Clay-straw adobe
32.26315789473684,568.421052631579,Lime-stabilised bamboo panel,Clay-straw adobe
32.26315789473684,605.2631578947369,Lime-stabilised bamboo panel,Clay-straw adobe
32.26315789473684,642.1052631578948,Lime-stabilised bamboo panel,Clay-straw adobe
32.26315789473684,678.9473684210527,Lime-stabilised bamboo panel,Clay-straw adobe
32.26315789473684,715.7894736842105,Lime-stabilised bamboo panel,Clay-straw adobe
32.26315789473684,752.6315789473684,Lime-stabilised bamboo panel,Clay-straw adobe
32.26315789473684,789.4736842105264,Lime-stabilised bamboo panel,Clay-straw adobe
32.26315789473684,826.3157894736843,Lime-stabilised bamboo panel,Clay-straw adobe
32.26315789473684,863.1578947368422,Lime-stabilised bamboo panel,Clay-straw adobe
32.26315789473684,900.0,Lime-stabilised bamboo panel,Clay-straw adobe
33.473684210526315,200.0,Fired clay brick,Fired clay brick
33.473684210526315,236.8421052631579,Fired clay brick,Fired clay brick
33.473684210526315,273.6842105263158,Fired clay brick,Fired clay brick
33.473684210526315,310.5263157894737,Lime-stabilised bamboo panel,Fired clay brick
33.473684210526315,347.36842105263156,Lime-stabilised bamboo panel,Clay-straw adobe
33.473684210526315,384.2105263157895,Lime-stabilised bamboo panel,Clay-straw adobe
33.473684210526315,421.0526315789474,Lime-stabilised bamboo panel,Clay-straw adobe
33.473684210526315,457.89473684210526,Lime-stabilised bamboo panel,Clay-straw adobe
33.473684210526315,494.7368421052632,Lime-stabilised bamboo panel,Clay-straw adobe
33.473684210526315,531.578947368421,Lime-stabilised bamboo panel,Clay-straw adobe
33.473684210526315,568.421052631579,Lime-stabilised bamboo panel,Clay-straw adobe
33.473684210526315,605.2631578947369,Lime-stabilised bamboo panel,Clay-straw adobe
33.473684210526315,642.1052631578948,Lime-stabilised bamboo panel,Clay-straw adobe
33.473684210526315,678.9473684210527,Lime-stabilised bamboo panel,Clay-straw adobe
33.473684210526315,715.7894736842105,Lime-stabilised bamboo panel,Clay-straw adobe
33.473684210526315,752.6315789473684,Lime-stabilised bamboo panel,Clay-straw adobe
33.473684210526315,789.4736842105264,Lime-stabilised bamboo panel,Clay-straw adobe
33.473684210526315,826.3157894736843,Lime-stabilised bamboo panel,Clay-straw adobe
33.473684210526315,863.1578947368422,Lime-stabilised bamboo panel,Clay-straw adobe
33.473684210526315,900.0,Lime-stabilised bamboo panel,Clay-straw adobe
34.68421052631579,200.0,Lime-stabilised bamboo panel,Clay-straw adobe
34.68421052631579,236.8421052631579,Lime-stabilised bamboo panel,Clay-straw adobe
34.68421052631579,273.6842105263158,Lime-stabilised bamboo panel,Clay-straw adobe
34.68421052631579,310.5263157894737,Lime-stabilised bamboo panel,Clay-straw adobe
34.68421052631579,347.36842105263156,Lime-stabilised bamboo panel,Clay-straw adobe
34.68421052631579,384.2105263157895,Lime-stabilised bamboo panel,Clay-straw adobe
34.68421052631579,421.0526315789474,Lime-stabilised bamboo panel,Clay-straw adobe
34.68421052631579,457.89473684210526,Lime-stabilised bamboo panel,Clay-straw adobe
34.68421052631579,494.7368421052632,Lime-stabilised bamboo panel,Clay-straw adobe
34.68421052631579,531.578947368421,Lime-stabilised bamboo panel,Clay-straw adobe
34.68421052631579,568.421052631579,Lime-stabilised bamboo panel,Clay-straw adobe
34.68421052631579,605.2631578947369,Lime-stabilised bamboo panel,Clay-straw adobe
34.68421052631579,642.1052631578948,Lime-stabilised bamboo panel,Clay-straw adobe
34.68421052631579,678.9473684210527,Lime-stabilised bamboo panel,Clay-straw adobe
34.68421052631579,715.7894736842105,Lime-stabilised bamboo panel,Clay-straw adobe
34.68421052631579,752.6315789473684,Lime-stabilised bamboo panel,Clay-straw adobe
34.68421052631579,789.4736842105264,Lime-stabilised bamboo panel,Clay-straw adobe
34.68421052631579,826.3157894736843,Lime-stabilised bamboo panel,Clay-straw adobe
34.68421052631579,863.1578947368422,Lime-stabilised bamboo panel,Clay-straw adobe
34.68421052631579,900.0,Lime-stabilised bamboo panel,Clay-straw adobe
35.89473684210526,200.0,Lime-stabilised bamboo panel,Clay-straw adobe
35.89473684210526,236.8421052631579,Lime-stabilised bamboo panel,Clay-straw adobe
35.89473684210526,273.6842105263158,Lime-stabilised bamboo panel,Clay-straw adobe
35.89473684210526,310.5263157894737,Lime-stabilised bamboo panel,Clay-straw adobe
35.89473684210526,347.36842105263156,Lime-stabilised bamboo panel,Clay-straw adobe
35.89473684210526,384.2105263157895,Lime-stabilised bamboo panel,Clay-straw adobe
35.89473684210526,421.0526315789474,Lime-stabilised bamboo panel,Clay-straw adobe
35.89473684210526,457.89473684210526,Lime-stabilised bamboo panel,Clay-straw adobe
35.89473684210526,494.7368421052632,Lime-stabilised bamboo panel,Clay-straw adobe
35.89473684210526,531.578947368421,Lime-stabilised bamboo panel,Clay-straw adobe
35.89473684210526,568.421052631579,Lime-stabilised bamboo panel,Clay-straw adobe
35.89473684210526,605.2631578947369,Lime-stabilised bamboo panel,Clay-straw adobe
35.89473684210526,642.1052631578948,Lime-stabilised bamboo panel,Clay-straw adobe
35.89473684210526,678.9473684210527,Lime-stabilised bamboo panel,Clay-straw adobe
35.89473684210526,715.7894736842105,Lime-stabilised bamboo panel,Clay-straw adobe
35.89473684210526,752.6315789473684,Lime-stabilised bamboo panel,Clay-straw adobe
35.89473684210526,789.4736842105264,Lime-stabilised bamboo panel,Clay-straw adobe
35.89473684210526,826.3157894736843,Lime-stabilised bamboo panel,Clay-straw adobe
35.89473684210526,863.1578947368422,Lime-stabilised bamboo panel,Clay-straw adobe
35.89473684210526,900.0,Lime-stabilised bamboo panel,Clay-straw adobe
37.10526315789474,200.0,Lime-stabilised bamboo panel,Clay-straw adobe
37.10526315789474,236.8421052631579,Lime-stabilised bamboo panel,Clay-straw adobe
37.10526315789474,273.6842105263158,Lime-stabilised bamboo panel,Clay-straw adobe
37.10526315789474,310.5263157894737,Lime-stabilised bamboo panel,Clay-straw adobe
37.10526315789474,347.36842105263156,Lime-stabilised bamboo panel,Clay-straw adobe
37.10526315789474,384.2105263157895,Lime-stabilised bamboo panel,Clay-straw adobe
37.10526315789474,421.0526315789474,Lime-stabilised bamboo panel,Clay-straw adobe
37.10526315789474,457.89473684210526,Lime-stabilised bamboo panel,Clay-straw adobe
37.10526315789474,494.7368421052632,Lime-stabilised bamboo panel,Clay-straw adobe
37.10526315789474,531.578947368421,Lime-stabilised bamboo panel,Clay-straw adobe
37.10526315789474,568.421052631579,Lime-stabilised bamboo panel,Clay-straw adobe
37.10526315789474,605.2631578947369,Lime-stabilised bamboo panel,Clay-straw adobe
37.10526315789474,642.1052631578948,Lime-stabilised bamboo panel,Clay-straw adobe
37.10526315789474,678.9473684210527,Lime-stabilised bamboo panel,Clay-straw adobe
37.10526315789474,715.7894736842105,Lime-stabilised bamboo panel,Clay-straw adobe
37.10526315789474,752.6315789473684,Lime-stabilised bamboo panel,Clay-straw adobe
37.10526315789474,789.4736842105264,Lime-stabilised bamboo panel,Clay-straw adobe
37.10526315789474,826.3157894736843,Lime-stabilised bamboo panel,Clay-straw adobe
37.10526315789474,863.1578947368422,Lime-stabilised bamboo panel,Clay-straw adobe
37.10526315789474,900.0,Lime-stabilised bamboo panel,Clay-straw adobe
38.31578947368421,200.0,Lime-stabilised bamboo panel,Clay-straw adobe
38.31578947368421,236.8421052631579,Lime-stabilised bamboo panel,Clay-straw adobe
38.31578947368421,273.6842105263158,Lime-stabilised bamboo panel,Clay-straw adobe
38.31578947368421,310.5263157894737,Lime-stabilised bamboo panel,Clay-straw adobe
38.31578947368421,347.36842105263156,Lime-stabilised bamboo panel,Clay-straw adobe
38.31578947368421,384.2105263157895,Lime-stabilised bamboo panel,Clay-straw adobe
38.31578947368421,421.0526315789474,Lime-stabilised bamboo panel,Clay-straw adobe
38.31578947368421,457.89473684210526,Lime-stabilised bamboo panel,Clay-straw adobe
38.31578947368421,494.7368421052632,Lime-stabilised bamboo panel,Clay-straw adobe
38.31578947368421,531.578947368421,Lime-stabilised bamboo panel,Clay-straw adobe
38.31578947368421,568.421052631579,Lime-stabilised bamboo panel,Clay-straw adobe
38.31578947368421,605.2631578947369,Lime-stabilised bamboo panel,Clay-straw adobe
38.31578947368421,642.1052631578948,Lime-stabilised bamboo panel,Clay-straw adobe
38.31578947368421,678.9473684210527,Lime-stabilised bamboo panel,Clay-straw adobe
38.31578947368421,715.7894736842105,Lime-stabilised bamboo panel,Clay-straw adobe
38.31578947368421,752.6315789473684,Lime-stabilised bamboo panel,Clay-straw adobe
38.31578947368421,789.4736842105264,Lime-stabilised bamboo panel,Clay-straw adobe
38.31578947368421,826.3157894736843,Lime-stabilised bamboo panel,Clay-straw adobe
38.31578947368421,863.1578947368422,Lime-stabilised bamboo panel,Clay-straw adobe
38.31578947368421,900.0,Lime-stabilised bamboo panel,Clay-straw adobe
39.526315789473685,200.0,Lime-stabilised bamboo panel,Clay-straw adobe
39.526315789473685,236.8421052631579,Lime-stabilised bamboo panel,Clay-straw adobe
39.526315789473685,273.6842105263158,Lime-stabilised bamboo panel,Clay-straw adobe
39.526315789473685,310.5263157894737,Lime-stabilised bamboo panel,Clay-straw adobe
39.526315789473685,347.36842105263156,Lime-stabilised bamboo panel,Clay-straw adobe
39.526315789473685,384.2105263157895,Lime-stabilised bamboo panel,Clay-straw adobe
39.526315789473685,421.0526315789474,Lime-stabilised bamboo panel,Clay-straw adobe
39.526315789473685,457.89473684210526,Lime-stabilised bamboo panel,Clay-straw adobe
39.526315789473685,494.7368421052632,Lime-stabilised bamboo panel,Clay-straw adobe
39.526315789473685,531.578947368421,Lime-stabilised bamboo panel,Clay-straw adobe
39.526315789473685,568.421052631579,Lime-stabilised bamboo panel,Clay-straw adobe
39.526315789473685,605.2631578947369,Lime-stabilised bamboo panel,Clay-straw adobe
39.526315789473685,642.1052631578948,Lime-stabilised bamboo panel,Clay-straw adobe
39.526315789473685,678.9473684210527,Lime-stabilised bamboo panel,Clay-straw adobe
39.526315789473685,715.7894736842105,Lime-stabilised bamboo panel,Clay-straw adobe
39.526315789473685,752.6315789473684,Lime-stabilised bamboo panel,Clay-straw adobe
39.526315789473685,789.4736842105264,Lime-stabilised bamboo panel,Clay-straw adobe
39.526315789473685,826.3157894736843,Lime-stabilised bamboo panel,Clay-straw adobe
39.526315789473685,863.1578947368422,Lime-stabilised bamboo panel,Clay-straw adobe
39.526315789473685,900.0,Lime-stabilised bamboo panel,Clay-straw adobe
40.73684210526316,200.0,Lime-stabilised bamboo panel,Clay-straw adobe
40.73684210526316,236.8421052631579,Lime-stabilised bamboo panel,Clay-straw adobe
40.73684210526316,273.6842105263158,Lime-stabilised bamboo panel,Clay-straw adobe
40.73684210526316,310.5263157894737,Lime-stabilised bamboo panel,Clay-straw adobe
40.73684210526316,347.36842105263156,Lime-stabilised bamboo panel,Clay-straw adobe
40.73684210526316,384.2105263157895,Lime-stabilised bamboo panel,Clay-straw adobe
40.73684210526316,421.0526315789474,Lime-stabilised bamboo panel,Clay-straw adobe
40.73684210526316,457.89473684210526,Lime-stabilised bamboo panel,Clay-straw adobe
40.73684210526316,494.7368421052632,Lime-stabilised bamboo panel,Clay-straw adobe
40.73684210526316,531.578947368421,Lime-stabilised bamboo panel,Clay-straw adobe
40.73684210526316,568.421052631579,Lime-stabilised bamboo panel,Clay-straw adobe
40.73684210526316,605.2631578947369,Lime-stabilised bamboo panel,Clay-straw adobe
40.73684210526316,642.1052631578948,Lime-stabilised bamboo panel,Clay-straw adobe
40.73684210526316,678.9473684210527,Lime-stabilised bamboo panel,Clay-straw adobe
40.73684210526316,715.7894736842105,Lime-stabilised bamboo panel,Clay-straw adobe
40.73684210526316,752.6315789473684,Lime-stabilised bamboo panel,Clay-straw adobe
40.73684210526316,789.4736842105264,Lime-stabilised bamboo panel,Clay-straw adobe
40.73684210526316,826.3157894736843,Lime-stabilised bamboo panel,Clay-straw adobe
40.73684210526316,863.1578947368422,Lime-stabilised bamboo panel,Clay-straw adobe
40.73684210526316,900.0,Lime-stabilised bamboo panel,Clay-straw adobe
41.94736842105263,200.0,Lime-stabilised bamboo panel,Clay-straw adobe
41.94736842105263,236.8421052631579,Lime-stabilised bamboo panel,Clay-straw adobe
41.94736842105263,273.6842105263158,Lime-stabilised bamboo panel,Clay-straw adobe
41.94736842105263,310.5263157894737,Lime-stabilised bamboo panel,Clay-straw adobe
41.94736842105263,347.36842105263156,Lime-stabilised bamboo panel,Clay-straw adobe
41.94736842105263,384.2105263157895,Lime-stabilised bamboo panel,Clay-straw adobe
41.94736842105263,421.0526315789474,Lime-stabilised bamboo panel,Clay-straw adobe
41.94736842105263,457.89473684210526,Lime-stabilised bamboo panel,Clay-straw adobe
41.94736842105263,494.7368421052632,Lime-stabilised bamboo panel,Clay-straw adobe
41.94736842105263,531.578947368421,Lime-stabilised bamboo panel,Clay-straw adobe
41.94736842105263,568.421052631579,Lime-stabilised bamboo panel,Clay-straw adobe
41.94736842105263,605.2631578947369,Lime-stabilised bamboo panel,Clay-straw adobe
41.94736842105263,642.1052631578948,Lime-stabilised bamboo panel,Clay-straw adobe
41.94736842105263,678.9473684210527,Lime-stabilised bamboo panel,Clay-straw adobe
41.94736842105263,715.7894736842105,Lime-stabilised bamboo panel,Clay-straw adobe
41.94736842105263,752.6315789473684,Lime-stabilised bamboo panel,Clay-straw adobe
41.94736842105263,789.4736842105264,Lime-stabilised bamboo panel,Clay-straw adobe
41.94736842105263,826.3157894736843,Lime-stabilised bamboo panel,Clay-straw adobe
41.94736842105263,863.1578947368422,Lime-stabilised bamboo panel,Clay-straw adobe
41.94736842105263,900.0,Lime-stabilised bamboo panel,Clay-straw adobe
43.15789473684211,200.0,Lime-stabilised bamboo panel,Clay-straw adobe
43.15789473684211,236.8421052631579,Lime-stabilised bamboo panel,Clay-straw adobe
43.15789473684211,273.6842105263158,Lime-stabilised bamboo panel,Clay-straw adobe
43.15789473684211,310.5263157894737,Lime-stabilised bamboo panel,Clay-straw adobe
43.15789473684211,347.36842105263156,Lime-stabilised bamboo panel,Clay-straw adobe
43.15789473684211,384.2105263157895,Lime-stabilised bamboo panel,Clay-straw adobe
43.15789473684211,421.0526315789474,Lime-stabilised bamboo panel,Clay-straw adobe
43.15789473684211,457.89473684210526,Lime-stabilised bamboo panel,Clay-straw adobe
43.15789473684211,494.7368421052632,Lime-stabilised bamboo panel,Clay-straw adobe
43.15789473684211,531.578947368421,Lime-stabilised bamboo panel,Clay-straw adobe
43.15789473684211,568.421052631579,Lime-stabilised bamboo panel,Clay-straw adobe
43.15789473684211,605.2631578947369,Lime-stabilised bamboo panel,Clay-straw adobe
43.15789473684211,642.1052631578948,Lime-stabilised bamboo panel,Clay-straw adobe
43.15789473684211,678.9473684210527,Lime-stabilised bamboo panel,Clay-straw adobe
43.15789473684211,715.7894736842105,Lime-stabilised bamboo panel,Clay-straw adobe
43.15789473684211,752.6315789473684,Lime-stabilised bamboo panel,Clay-straw adobe
43.15789473684211,789.4736842105264,Lime-stabilised bamboo panel,Clay-straw adobe
43.15789473684211,826.3157894736843,Lime-stabilised bamboo panel,Clay-straw adobe
43.15789473684211,863.1578947368422,Lime-stabilised bamboo panel,Clay-straw adobe
43.15789473684211,900.0,Lime-stabilised bamboo panel,Clay-straw adobe
44.368421052631575,200.0,Lime-stabilised bamboo panel,Clay-straw adobe
44.368421052631575,236.8421052631579,Lime-stabilised bamboo panel,Clay-straw adobe
44.368421052631575,273.6842105263158,Lime-stabilised bamboo panel,Clay-straw adobe
44.368421052631575,310.5263157894737,Lime-stabilised bamboo panel,Clay-straw adobe
44.368421052631575,347.36842105263156,Lime-stabilised bamboo panel,Clay-straw adobe
44.368421052631575,384.2105263157895,Lime-stabilised bamboo panel,Clay-straw adobe
44.368421052631575,421.0526315789474,Lime-stabilised bamboo panel,Clay-straw adobe
44.368421052631575,457.89473684210526,Lime-stabilised bamboo panel,Clay-straw adobe
44.368421052631575,494.7368421052632,Lime-stabilised bamboo panel,Clay-straw adobe
44.368421052631575,531.578947368421,Lime-stabilised bamboo panel,Clay-straw adobe
44.368421052631575,568.421052631579,Lime-stabilised bamboo panel,Clay-straw adobe
44.368421052631575,605.2631578947369,Lime-stabilised bamboo panel,Clay-straw adobe
44.368421052631575,642.1052631578948,Lime-stabilised bamboo panel,Clay-straw adobe
44.368421052631575,678.9473684210527,Lime-stabilised bamboo panel,Clay-straw adobe
44.368421052631575,715.7894736842105,Lime-stabilised bamboo panel,Clay-straw adobe
44.368421052631575,752.6315789473684,Lime-stabilised bamboo panel,Clay-straw adobe
44.368421052631575,789.4736842105264,Lime-stabilised bamboo panel,Clay-straw adobe
44.368421052631575,826.3157894736843,Lime-stabilised bamboo panel,Clay-straw adobe
44.368421052631575,863.1578947368422,Lime-stabilised bamboo panel,Clay-straw adobe
44.368421052631575,900.0,Lime-stabilised bamboo panel,Clay-straw adobe
45.578947368421055,200.0,Lime-stabilised bamboo panel,Clay-straw adobe
45.578947368421055,236.8421052631579,Lime-stabilised bamboo panel,Clay-straw adobe
45.578947368421055,273.6842105263158,Lime-stabilised bamboo panel,Clay-straw adobe
45.578947368421055,310.5263157894737,Lime-stabilised bamboo panel,Clay-straw adobe
45.578947368421055,347.36842105263156,Lime-stabilised bamboo panel,Clay-straw adobe
45.578947368421055,384.2105263157895,Lime-stabilised bamboo panel,Clay-straw adobe
45.578947368421055,421.0526315789474,Lime-stabilised bamboo panel,Clay-straw adobe
45.578947368421055,457.89473684210526,Lime-stabilised bamboo panel,Clay-straw adobe
45.578947368421055,494.7368421052632,Lime-stabilised bamboo panel,Clay-straw adobe
45.578947368421055,531.578947368421,Lime-stabilised bamboo panel,Clay-straw adobe
45.578947368421055,568.421052631579,Lime-stabilised bamboo panel,Clay-straw adobe
45.578947368421055,605.2631578947369,Lime-stabilised bamboo panel,Clay-straw adobe
45.578947368421055,642.1052631578948,Lime-stabilised bamboo panel,Clay-straw adobe
45.578947368421055,678.9473684210527,Lime-stabilised bamboo panel,Clay-straw adobe
45.578947368421055,715.7894736842105,Lime-stabilised bamboo panel,Clay-straw adobe
45.578947368421055,752.6315789473684,Lime-stabilised bamboo panel,Clay-straw adobe
45.578947368421055,789.4736842105264,Lime-stabilised bamboo panel,Clay-straw adobe
45.578947368421055,826.3157894736843,Lime-stabilised bamboo panel,Clay-straw adobe
45.578947368421055,863.1578947368422,Lime-stabilised bamboo panel,Clay-straw adobe
45.578947368421055,900.0,Lime-stabilised bamboo panel,Clay-straw adobe
46.78947368421053,200.0,Lime-stabilised bamboo panel,Clay-straw adobe
46.78947368421053,236.8421052631579,Lime-stabilised bamboo panel,Clay-straw adobe
46.78947368421053,273.6842105263158,Lime-stabilised bamboo panel,Clay-straw adobe
46.78947368421053,310.5263157894737,Lime-stabilised bamboo panel,Clay-straw adobe
46.78947368421053,347.36842105263156,Lime-stabilised bamboo panel,Clay-straw adobe
46.78947368421053,384.2105263157895,Lime-stabilised bamboo panel,Clay-straw adobe
46.78947368421053,421.0526315789474,Lime-stabilised bamboo panel,Clay-straw adobe
46.78947368421053,457.89473684210526,Lime-stabilised bamboo panel,Clay-straw adobe
46.78947368421053,494.7368421052632,Lime-stabilised bamboo panel,Clay-straw adobe
46.78947368421053,531.578947368421,Lime-stabilised bamboo panel,Clay-straw adobe
46.78947368421053,568.421052631579,Lime-stabilised bamboo panel,Clay-straw adobe
46.78947368421053,605.2631578947369,Lime-stabilised bamboo panel,Clay-straw adobe
46.78947368421053,642.1052631578948,Lime-stabilised bamboo panel,Clay-straw adobe
46.78947368421053,678.9473684210527,Lime-stabilised bamboo panel,Clay-straw adobe
46.78947368421053,715.7894736842105,Lime-stabilised bamboo panel,Clay-straw adobe
46.78947368421053,752.6315789473684,Lime-stabilised bamboo panel,Clay-straw adobe
46.78947368421053,789.4736842105264,Lime-stabilised bamboo panel,Clay-straw adobe
46.78947368421053,826.3157894736843,Lime-stabilised bamboo panel,Clay-straw adobe
46.78947368421053,863.1578947368422,Lime-stabilised bamboo panel,Clay-straw adobe
46.78947368421053,900.0,Lime-stabilised bamboo panel,Clay-straw adobe
48.0,200.0,Lime-stabilised bamboo panel,Clay-straw adobe
48.0,236.8421052631579,Lime-stabilised bamboo panel,Clay-straw adobe
48.0,273.6842105263158,Lime-stabilised bamboo panel,Clay-straw adobe
48.0,310.5263157894737,Lime-stabilised bamboo panel,Clay-straw adobe
48.0,347.36842105263156,Lime-stabilised bamboo panel,Clay-straw adobe
48.0,384.2105263157895,Lime-stabilised bamboo panel,Clay-straw adobe
48.0,421.0526315789474,Lime-stabilised bamboo panel,Clay-straw adobe
48.0,457.89473684210526,Lime-stabilised bamboo panel,Clay-straw adobe
48.0,494.7368421052632,Lime-stabilised bamboo panel,Clay-straw adobe
48.0,531.578947368421,Lime-stabilised bamboo panel,Clay-straw adobe
48.0,568.421052631579,Lime-stabilised bamboo panel,Clay-straw adobe
48.0,605.2631578947369,Lime-stabilised bamboo panel,Clay-straw adobe
48.0,642.1052631578948,Lime-stabilised bamboo panel,Clay-straw adobe
48.0,678.9473684210527,Lime-stabilised bamboo panel,Clay-straw adobe
48.0,715.7894736842105,Lime-stabilised bamboo panel,Clay-straw adobe
48.0,752.6315789473684,Lime-stabilised bamboo panel,Clay-straw adobe
48.0,789.4736842105264,Lime-stabilised bamboo panel,Clay-straw adobe
48.0,826.3157894736843,Lime-stabilised bamboo panel,Clay-straw adobe
48.0,863.1578947368422,Lime-stabilised bamboo panel,Clay-straw adobe
48.0,900.0,Lime-stabilised bamboo panel,Clay-straw adobe
