rank,parameter,S1,S1_conf,ST,ST_conf
1,T_in,0.7485696265909662,0.06422768268017255,0.7732138127860162,0.05880506387652671
2,T_out_max,0.12505174567516952,0.03127368143815036,0.140896395095725,0.013809932359512559
3,L,0.030744093336084643,0.02001140170410153,0.04684495018563171,0.007367310086079495
4,k_dry,0.01157967943788235,0.01756878869593521,0.03512013459700412,0.005390797744996873
5,G_s_peak,0.02684054419197449,0.014020283584592836,0.030753921092370136,0.004199070191502648
6,cp,0.009189037732604231,0.007946940046959053,0.010912134518987612,0.0015443315612359298
7,rho,0.006418037471895694,0.007575825020193134,0.0070318143555160645,0.0010492498531720206
8,w0,4.9246721601387546e-05,0.0018291812585846967,0.0005332235505823128,0.00010267980953156988
9,alpha_moist,-0.0031899093314404197,0.001976908180481399,0.0004219011499985637,7.164371218602773e-05
