scenario,material,CPI_dyn_p5,CPI_dyn_median,CPI_dyn_p95,P_best_CPI_dyn,P_best_CPI_dyn_H,P_best_CPI_static
cost only (+-30%),Lime-stabilised bamboo panel,0.29744439261194744,0.37778027052252544,0.5173839752478315,0.0,nan,0.0
cost only (+-30%),Clay-straw adobe,1.0948570956234365,1.388582650797547,1.9025528281727997,1.0,1.0,1.0
cost only (+-30%),Mud brick (unfired),0.1667426319729701,0.21262854403725018,0.2889527594761322,0.0,0.0,0.0
cost only (+-30%),Lime-mud composite,-0.04851823239276863,-0.035269222636302645,-0.027925589189077896,0.0,nan,0.0
cost only (+-30%),Fired clay brick,0.0,0.0,0.0,0.0,0.0,0.0
cost +-30% + properties,Lime-stabilised bamboo panel,0.15903995260373266,0.42103036755334805,0.7505220105248906,0.1067,nan,0.0016
cost +-30% + properties,Clay-straw adobe,-0.2463857448972631,1.3046786774451462,3.0495350740179794,0.7387,0.80715,0.8836
cost +-30% + properties,Mud brick (unfired),-1.0816239996074932,0.3427407591902173,1.810224822751588,0.10675,0.12835,0.11055
cost +-30% + properties,Lime-mud composite,-0.6410798942577057,0.24639936892321887,1.1571686809527353,0.04785,nan,0.00425
cost +-30% + properties,Fired clay brick,0.0,0.0,0.0,0.0,0.0645,0.0
