N_train,model,n,MAE_J,MAE_J_ci,MAE_J_sd,relL2,relL2_ci,RMSE_T,R2_J,lag_circ,time_min,steps
50,FNO,3,1.143016086154514,0.0700170419794934,0.028185652369097775,0.003826306599073967,0.0007313747659684694,1.3357973272273123,0.8901237005924335,2.8094610235250213,5.166977262496948,2650.0
50,PINO,3,1.220084703233507,0.3647697765432158,0.1468395954146674,0.003967352080412133,0.0013081460532329112,1.3936378066189967,0.8787725402238925,2.795897390760102,5.958381262090471,2983.3333333333335
100,FNO,3,0.5938684760199653,0.1786437020185383,0.0719137675724424,0.0019575287248148002,0.0003332234731625772,0.685337607846278,0.9684475865298378,2.1085380427047675,3.8929345303111607,1616.6666666666667
100,PINO,3,0.4771328396267361,0.1993459057270126,0.0802475260475891,0.0016166232073915332,0.0003239119982325547,0.5689530029509857,0.9802576128426718,1.6812757257834727,5.800418803426954,2366.6666666666665
150,FNO,3,0.4745193142361111,0.28955003961111087,0.11655957648607224,0.0014307970557442,0.0003624844112040773,0.4920997042150197,0.9800878260334424,2.1020341077707614,3.138372847768996,1300.0
150,PINO,3,0.3203946261935764,0.06688697712262696,0.026925631701926505,0.0010922050589428668,0.00013137125819688637,0.3829281138896034,0.9907937930353775,1.4647954554285867,6.224012817276848,2533.3333333333335
300,FNO,3,0.2633052571614583,0.02271754347417582,0.009145041906090825,0.0008556059573649667,0.00014187566162862257,0.30121130513847555,0.9929168362622991,1.5502578350428766,5.904057032532163,2450.0
300,PINO,3,0.20247823079427082,0.054156776026987284,0.021801036138813498,0.0006188280354224333,6.491174425967426e-05,0.21571199484199097,0.9960959353115761,1.0538188670879198,8.710738355583613,3550.0
500,FNO,3,0.22068956163194442,0.06980542438768932,0.028100464824620884,0.0006334768740021,7.261538467974999e-05,0.22583188229286044,0.9950754415385311,1.2517189169912266,8.675282148520152,3600.0
500,PINO,3,0.18526435004340272,0.011681603452636908,0.004702478207035782,0.0005137343699621999,2.3853208364263015e-05,0.1820690680007722,0.9969986362000339,0.9005982303466366,9.72805138429006,3966.6666666666665
600,FNO,3,0.22598368326822915,0.028608483180283306,0.011516464262555004,0.0006138253229614666,5.341749236776876e-05,0.21407550337559222,0.995096493866153,1.178621816568208,7.608691022131178,3150.0
600,PINO,3,0.17142456054687497,0.013947382066518363,0.0056145768411783635,0.0004908328546807,3.440493046974981e-05,0.17294598771497371,0.9970598197387474,0.8320864494001432,9.52662233379152,3866.6666666666665
1200,FNO,3,0.21739664713541665,0.09525549542119234,0.0383454971001811,0.0005237682998982,9.933766850392265e-06,0.17895526014699326,0.9951822058492662,1.1591926139891102,8.746972327762181,3616.6666666666665
1200,PINO,3,0.16202345106336802,0.04261190397337274,0.01715359972691545,0.0004887126931303333,5.535484397347466e-05,0.1687180309128393,0.9978103688736354,0.8873476234843389,9.326757087972428,3783.3333333333335
