N_train,model,seed,relL2_mean,relL2_max,RMSE_T_K,MAE_J_K,RMSE_J_K,maxAE_J_K,R2_J,MAE_lag_circular_h,MAE_dec,steps,best_step,best_val,train_time_s
1200,FNO,0,0.0005277471922882905,0.001657828716647852,0.1828378134985113,0.17662923177083334,0.24387224226468907,0.853363037109375,0.9970812756728505,1.2502571708260153,0.009913438688221416,4000,3850,0.03000863234202067,581.9124481678009
1200,PINO,0,0.00046682070686231424,0.0014461156162521905,0.1619823658092455,0.142801513671875,0.19037629564177935,0.65521240234375,0.9982213353277813,0.8236760840592197,0.007788231180011516,3800,3200,0.028326619863510132,562.2072901725769
1200,FNO,1,0.0005238079784141081,0.0019430997434707403,0.18030188146371223,0.25274332682291667,0.3794353363500562,1.77655029296875,0.9929344840251035,1.090804987311847,0.011088482826876108,3500,2900,0.0326887571811676,507.1106708049774
1200,PINO,1,0.00048794962122077995,0.001604185328868554,0.16907430588443625,0.17577372233072916,0.22189544584369364,0.629150390625,0.9975836206649095,0.9530598722994247,0.00866178347373905,4000,3600,0.03100608825683594,591.4483819007874
1200,FNO,2,0.0005197497289923301,0.0012131407714165326,0.17372608547875637,0.2228173828125,0.3017712881212996,1.436431884765625,0.9955308578498444,1.1365156838294683,0.01041680056817882,3350,2750,0.03061472733815511,485.43190002441406
1200,PINO,2,0.0005113677513080975,0.001592196117008516,0.17509742104483622,0.1674951171875,0.21993401952923564,0.82977294921875,0.9976261506282154,0.8853069140943725,0.008952004199058193,3550,2950,0.030075719753901164,525.160603761673
600,FNO,0,0.0006347759918716064,0.002513667556394587,0.22568745601828938,0.21638448079427083,0.30007922568736356,1.493682861328125,0.9955808352148126,1.3415557935104152,0.010902022640807406,3300,2700,0.03681248903274536,478.261381149292
600,PINO,0,0.0005054492146405198,0.001862270582948349,0.1785264243124892,0.1669659423828125,0.23954954323265334,1.22052001953125,0.9971838289521257,0.8952621958121013,0.008842053071420053,4000,3500,0.03178940097490946,591.8331651687622
600,FNO,1,0.0005918087669113926,0.0029612046260321574,0.20606897239962835,0.22281331380208333,0.3236566926329706,1.85748291015625,0.994859119380441,1.1560914053867684,0.011449684764312004,2850,2250,0.03467777013778686,413.0308928489685
600,PINO,1,0.0004779041930359589,0.0018982287423070247,0.1677266825169628,0.16957784016927083,0.2403492287682096,1.310821533203125,0.9971649951842058,0.7362100993562054,0.009104940027367607,3600,3000,0.029319446881612143,531.9951758384705
600,FNO,2,0.0006148912101015269,0.002349687691945522,0.21047008170885914,0.23875325520833332,0.3239585076752753,1.604400634765625,0.9948495270032054,1.038218250807441,0.010973589410807422,3300,2700,0.03542432387669881,478.27210998535156
600,PINO,2,0.0004891451563657513,0.00182121538426786,0.17258485631546924,0.17772989908854167,0.25412767067481773,0.95782470703125,0.9968306350799108,0.864787053032123,0.007637207544003294,4000,3800,0.030123353004455566,590.9636790752411
150,FNO,0,0.0013368388417029711,0.0037237764859236753,0.46196766846505105,0.35954671223958334,0.4780665544242456,2.064788818359375,0.9887838177331973,2.264560375467841,0.015227844419750038,1600,1000,0.07941305796305338,231.81940937042236
150,PINO,0,0.0011140283277091823,0.003756005814280083,0.3920101280438453,0.2910528564453125,0.3876812072561377,1.388458251953125,0.9926240522163416,1.4883301054240219,0.012665919769108995,2450,1850,0.0686418612798055,361.9045970439911
150,FNO,1,0.0015989018152713316,0.004319905032494943,0.5460766927478695,0.5926035563151042,0.7354824887450849,1.830169677734375,0.9734531491922241,2.1790539806006803,0.02349186279191704,1000,400,0.0978080415725708,144.92449736595154
150,PINO,1,0.0011306850356607415,0.002969860085317523,0.38868162629436764,0.3261612955729167,0.43078667040811436,1.5931396484375,0.9908926327726306,1.4515724089636213,0.014717488344564345,2550,1950,0.07006421486536661,375.4759383201599
150,FNO,2,0.0013566505102584237,0.00402973739616213,0.4682547514321387,0.4714076741536458,0.6691374562430265,2.5911865234375,0.978026511174906,1.8624879672437626,0.01824309604491806,1300,700,0.0851142168045044,188.1632058620453
150,PINO,2,0.001031901813458898,0.003898550916397261,0.3680925873305972,0.3439697265625,0.4763398418603834,2.1572265625,0.9888646941171604,1.454483851898116,0.013723435291906571,2600,2000,0.06225087483723958,382.94177174568176
300,FNO,0,0.0009168491132379858,0.004260968135341259,0.3349642208395366,0.26238850911458333,0.40137523174346024,2.760772705078125,0.9920937694618968,1.7745048294280157,0.012163319695492775,2350,1750,0.05327801545461019,339.6658744812012
300,PINO,0,0.0006463327569150199,0.002669822646028495,0.22774415028353162,0.214923095703125,0.30860551272480086,1.74005126953125,0.9953261400519182,1.128338545162924,0.009882382040052819,3550,2950,0.04057166973749796,522.7024705410004
300,FNO,1,0.0008461695272004407,0.0032216377376977244,0.28554567959246857,0.25465311686197917,0.360100557483831,1.5328369140625,0.9936362087874625,1.5143176409111538,0.01370425289187752,1900,1300,0.048859894673029584,274.7975158691406
300,PINO,1,0.0005943322855087083,0.0024927826975022667,0.20611537563489785,0.17730509440104167,0.24374801862147752,0.97314453125,0.9970842483951412,1.0417490754058092,0.010014709254683491,4000,3600,0.0377257760365804,589.1083717346191
300,FNO,2,0.0008037992316566729,0.002870924098050102,0.2831240149834216,0.2728741455078125,0.3771178056379638,1.48095703125,0.9930205305375381,1.3619510347894606,0.013103257332539963,3100,2500,0.04619566758473714,448.2668755054474
300,PINO,2,0.0006158190638436758,0.0021317723659691873,0.21327645860754352,0.21520650227864582,0.28983478762564624,0.92352294921875,0.9958774174876691,0.9913689806950265,0.009706821764117806,3100,2500,0.03909899314244588,456.12206172943115
50,FNO,0,0.0038532036351464293,0.011148046066075038,1.322899491579694,1.1738566080729167,1.5061122407999028,5.1793212890625,0.888677484423556,3.171696265616221,0.031234253468084745,2100,1500,0.2421307373046875,245.60815286636353
50,PINO,0,0.0037698059768149963,0.009298559393453518,1.2653199908053958,1.357850341796875,1.6528716503486773,4.5628662109375,0.8659253731927088,2.9872384072031095,0.04276793243351396,2900,2300,0.21435194015502929,347.61006593704224
50,FNO,1,0.004106353139393414,0.015875407062621843,1.458303235991954,1.1366001383463542,1.5150387407419474,4.4564208984375,0.8873539904403791,2.6429727766214124,0.03391796266260948,2500,1900,0.22688282012939454,292.53585934638977
50,PINO,1,0.004564160116583966,0.014446474814503042,1.6602624205719732,1.2368017578125,1.6046140569466938,5.406646728515625,0.8736400282776433,2.7503496670641403,0.033254876197839775,2200,1600,0.25445337613423663,263.5847182273865
50,FNO,2,0.0035193630226821966,0.010434350698972323,1.2261892541102888,1.1185915120442709,1.467310084450149,5.194061279296875,0.8943396269133657,2.6137140283374305,0.03028013193336386,3350,2750,0.23263909022013346,391.9118950366974
50,PINO,2,0.003568090147837618,0.010600226195299406,1.255331008479621,1.0656020100911459,1.4504614652508574,6.05584716796875,0.8967522192013255,2.650104098013058,0.03666900315159812,3850,3250,0.24491807619730632,461.3138430118561
100,FNO,0,0.0019049942234314458,0.005057258897415346,0.6577219424493261,0.512977294921875,0.6964718999849062,2.679840087890625,0.9761945972698834,2.083358047501717,0.021701071088308144,1550,950,0.1073350207010905,223.93188405036926
100,PINO,0,0.0014661811460478945,0.00543060264048892,0.5149775504062376,0.3915047200520833,0.500927165250154,1.61688232421875,0.9876854795767869,1.7672875291107508,0.016401201118134163,3550,2950,0.08548949877421061,521.9142446517944
100,FNO,1,0.002109985389466136,0.008709727904558037,0.7571873429235416,0.6505637613932291,0.8843281375340173,3.4166259765625,0.9616208614552184,2.253521351540635,0.023320917489748967,1550,950,0.14600361029307046,223.92842888832092
100,PINO,1,0.0016970879231094822,0.005017482592634036,0.6051942355154639,0.48927876790364583,0.6702635266782375,2.173370361328125,0.9779524919548239,1.769765209028524,0.019296959744077455,1900,1300,0.10718304475148518,279.28728318214417
100,FNO,2,0.0018576065615469553,0.004434865409898557,0.6411035381659661,0.6180643717447917,0.8134390677259777,2.661712646484375,0.9675273008644112,1.9887347290719504,0.02103811180872101,1750,1150,0.11896426518758138,252.86790251731873
100,PINO,2,0.001686600553017481,0.005095934967135898,0.5866872229312555,0.5506150309244792,0.7118053136974728,2.05938720703125,0.9751348669964046,1.5067744392111437,0.018790758491645944,1650,1050,0.0981043259302775,242.8738567829132
500,FNO,0,0.0006189101328587107,0.00229264923007244,0.22119419162998277,0.193245849609375,0.28361587146954265,1.4840087890625,0.9960524340273735,1.3295731517568368,0.009484739763040538,4000,3850,0.03715349038441976,578.4777417182922
500,PINO,0,0.0005118814547043243,0.002159487990651109,0.18305081983487925,0.18981241861979167,0.25627131710220546,0.8792724609375,0.9967769403955136,0.8700637044898548,0.009094959542211714,3900,3300,0.0315483291943868,573.7697021961212
500,FNO,1,0.0006143908399223854,0.002509081920106847,0.21132930507424208,0.21941914876302082,0.3072988077084233,1.18603515625,0.9953656366002951,1.3697932170712226,0.010910959188585593,3400,2800,0.03783784071604411,491.6833565235138
500,PINO,1,0.0005241280044534667,0.0020461132733043644,0.18267546094155576,0.18555928548177084,0.24142080864168694,0.6656494140625,0.9971396594980998,0.9012302756910522,0.009308785020513514,4000,3750,0.03081287940343221,588.2307183742523
500,FNO,2,0.0006671296492253511,0.004283402706584988,0.24497215017435675,0.2494036865234375,0.3551995435175565,1.999755859375,0.9938082539879246,1.055790382145621,0.01137170749301696,3400,2800,0.03664753953615824,491.3896884918213
500,PINO,2,0.0005051936507289694,0.0018778851534032854,0.18048092322588177,0.18042134602864585,0.243954402765924,0.81317138671875,0.9970793087064882,0.9305007108590027,0.008671409232648301,4000,3400,0.031723767916361494,589.0488286018372
