N_train,lambda,seed,best_val,MAE_J_K,relL2_mean,RMSE_T_K,steps,train_time_s
150,0.001,0,0.07747758070627848,0.3524566650390625,0.0012525336859420327,0.4346960196035625,1600,244.51858043670654
150,0.001,1,0.08400300343831381,0.39127766927083335,0.0013815570008742374,0.47399351533844103,1900,280.8049602508545
150,0.001,2,0.07865097602208455,0.388642578125,0.0013269510827061493,0.4594503711505366,1750,266.5237696170807
150,0.1,0,0.0540080459912618,0.232037353515625,0.0008739548290899468,0.31592639328305355,4000,591.207436800003
150,0.1,1,0.05497725566228231,0.26273518880208335,0.0009278168028776031,0.33270797401334373,4000,606.4594311714172
150,0.1,2,0.05364854574203491,0.2626597086588542,0.0008786742274728784,0.32303597247828636,4000,590.3510239124298
150,1.0,0,0.14058354536692302,0.6853369140625,0.002619164522138813,1.0496079834440506,4000,607.1096103191376
150,1.0,1,0.28574716567993164,1.6312318929036458,0.004827067027176305,1.7657636044620657,4000,588.5922791957855
150,1.0,2,0.09595158259073894,0.44664693196614585,0.0017530220588317684,0.7132829040907874,4000,604.9327747821808
1200,0.001,0,0.02928471803665161,0.18944010416666668,0.0004869480822671516,0.16775642947887,4000,587.1850736141205
1200,0.001,1,0.032724875609079995,0.1825555419921875,0.0005253758076777357,0.1796888278041473,2850,417.91423869132996
1200,0.001,2,0.030513235727945964,0.20272054036458334,0.0004851278254829022,0.1651049344581627,3350,491.27542448043823
1200,0.1,0,0.03589917262395223,0.20013631184895833,0.0006190759488925196,0.23213025416468205,3750,549.8020017147064
1200,0.1,1,0.035793887774149574,0.211612548828125,0.0005844558070130161,0.2095435398695407,4000,586.5512254238129
1200,0.1,2,0.0361383585135142,0.22312093098958333,0.0006117611880488538,0.22965998163618725,3550,520.55255651474
1200,1.0,0,0.3128047784169515,1.2251898193359374,0.005562607875336423,2.0212221282927825,4000,586.4288759231567
1200,1.0,1,0.2990534528096517,1.188794148763021,0.005298309653856208,1.9362976706887023,4000,586.4744679927826
1200,1.0,2,0.31974768002827963,1.5270212809244792,0.005826425599036175,2.0921593965690017,4000,586.5217907428741
